id,name,filename,prompt
"sofa-3","3-sits soffa","sofa-3.png","Fotorealistisk produktbild av en 3-sits soffa på ren vit bakgrund. Centrerad, mjuk skugga, hög detalj. Inga människor, inga logotyper, inga varumärken, ingen text. Format: kvadratisk bild."
"sofa-2","2-sits soffa","sofa-2.png","Fotorealistisk produktbild av en 2-sits soffa på ren vit bakgrund. Centrerad, mjuk skugga, hög detalj. Inga människor, inga logotyper, inga varumärken, ingen text. Format: kvadratisk bild."
"armchair","Fåtölj","armchair.png","Fotorealistisk produktbild av en Fåtölj på ren vit bakgrund. Centrerad, mjuk skugga, hög detalj. Inga människor, inga logotyper, inga varumärken, ingen text. Format: kvadratisk bild."
"coffee-table","Soffbord","coffee-table.png","Fotorealistisk produktbild av en Soffbord på ren vit bakgrund. Centrerad, mjuk skugga, hög detalj. Inga människor, inga logotyper, inga varumärken, ingen text. Format: kvadratisk bild."
"tv-stand","TV-bänk","tv-stand.png","Fotorealistisk produktbild av en TV-bänk på ren vit bakgrund. Centrerad, mjuk skugga, hög detalj. Inga människor, inga logotyper, inga varumärken, ingen text. Format: kvadratisk bild."
"tv-large","Stor TV","tv-large.png","Fotorealistisk produktbild av en Stor TV på ren vit bakgrund. Centrerad, mjuk skugga, hög detalj. Inga människor, inga logotyper, inga varumärken, ingen text. Format: kvadratisk bild."
"tv-small","Liten TV","tv-small.png","Fotorealistisk produktbild av en Liten TV på ren vit bakgrund. Centrerad, mjuk skugga, hög detalj. Inga människor, inga logotyper, inga varumärken, ingen text. Format: kvadratisk bild."
"bookshelf","Bokhylla","bookshelf.png","Fotorealistisk produktbild av en Bokhylla på ren vit bakgrund. Centrerad, mjuk skugga, hög detalj. Inga människor, inga logotyper, inga varumärken, ingen text. Format: kvadratisk bild."
"lamp-floor","Golvlampa","lamp-floor.png","Fotorealistisk produktbild av en Golvlampa på ren vit bakgrund. Centrerad, mjuk skugga, hög detalj. Inga människor, inga logotyper, inga varumärken, ingen text. Format: kvadratisk bild."
"rug-large","Stor matta","rug-large.png","Fotorealistisk produktbild av en Stor matta på ren vit bakgrund. Centrerad, mjuk skugga, hög detalj. Inga människor, inga logotyper, inga varumärken, ingen text. Format: kvadratisk bild."
"rug-small","Liten matta","rug-small.png","Fotorealistisk produktbild av en Liten matta på ren vit bakgrund. Centrerad, mjuk skugga, hög detalj. Inga människor, inga logotyper, inga varumärken, ingen text. Format: kvadratisk bild."
"mirror-large","Stor spegel","mirror-large.png","Fotorealistisk produktbild av en Stor spegel på ren vit bakgrund. Centrerad, mjuk skugga, hög detalj. Inga människor, inga logotyper, inga varumärken, ingen text. Format: kvadratisk bild."
"bed-double","Dubbelsäng","bed-double.png","Fotorealistisk produktbild av en Dubbelsäng på ren vit bakgrund. Centrerad, mjuk skugga, hög detalj. Inga människor, inga logotyper, inga varumärken, ingen text. Format: kvadratisk bild."
"bed-single","Enkelsäng","bed-single.png","Fotorealistisk produktbild av en Enkelsäng på ren vit bakgrund. Centrerad, mjuk skugga, hög detalj. Inga människor, inga logotyper, inga varumärken, ingen text. Format: kvadratisk bild."
"wardrobe-large","Stor garderob","wardrobe-large.png","Fotorealistisk produktbild av en Stor garderob på ren vit bakgrund. Centrerad, mjuk skugga, hög detalj. Inga människor, inga logotyper, inga varumärken, ingen text. Format: kvadratisk bild."
"wardrobe-small","Liten garderob","wardrobe-small.png","Fotorealistisk produktbild av en Liten garderob på ren vit bakgrund. Centrerad, mjuk skugga, hög detalj. Inga människor, inga logotyper, inga varumärken, ingen text. Format: kvadratisk bild."
"dresser","Byrå","dresser.png","Fotorealistisk produktbild av en Byrå på ren vit bakgrund. Centrerad, mjuk skugga, hög detalj. Inga människor, inga logotyper, inga varumärken, ingen text. Format: kvadratisk bild."
"nightstand","Sängbord","nightstand.png","Fotorealistisk produktbild av en Sängbord på ren vit bakgrund. Centrerad, mjuk skugga, hög detalj. Inga människor, inga logotyper, inga varumärken, ingen text. Format: kvadratisk bild."
"lamp-table","Bordslampa","lamp-table.png","Fotorealistisk produktbild av en Bordslampa på ren vit bakgrund. Centrerad, mjuk skugga, hög detalj. Inga människor, inga logotyper, inga varumärken, ingen text. Format: kvadratisk bild."
"box-clothes","Klädkartong","box-clothes.png","Fotorealistisk produktbild av en Klädkartong på ren vit bakgrund. Centrerad, mjuk skugga, hög detalj. Inga människor, inga logotyper, inga varumärken, ingen text. Format: kvadratisk bild."
"dining-table","Matbord","dining-table.png","Fotorealistisk produktbild av en Matbord på ren vit bakgrund. Centrerad, mjuk skugga, hög detalj. Inga människor, inga logotyper, inga varumärken, ingen text. Format: kvadratisk bild."
"dining-chair","Matstol","dining-chair.png","Fotorealistisk produktbild av en Matstol på ren vit bakgrund. Centrerad, mjuk skugga, hög detalj. Inga människor, inga logotyper, inga varumärken, ingen text. Format: kvadratisk bild."
"microwave","Mikrovågsugn","microwave.png","Fotorealistisk produktbild av en Mikrovågsugn på ren vit bakgrund. Centrerad, mjuk skugga, hög detalj. Inga människor, inga logotyper, inga varumärken, ingen text. Format: kvadratisk bild."
"box-kitchen","Kökskartong","box-kitchen.png","Fotorealistisk produktbild av en Kökskartong på ren vit bakgrund. Centrerad, mjuk skugga, hög detalj. Inga människor, inga logotyper, inga varumärken, ingen text. Format: kvadratisk bild."
"bathroom-cabinet","Badrumsskåp","bathroom-cabinet.png","Fotorealistisk produktbild av en Badrumsskåp på ren vit bakgrund. Centrerad, mjuk skugga, hög detalj. Inga människor, inga logotyper, inga varumärken, ingen text. Format: kvadratisk bild."
"box-bathroom","Badrumskartong","box-bathroom.png","Fotorealistisk produktbild av en Badrumskartong på ren vit bakgrund. Centrerad, mjuk skugga, hög detalj. Inga människor, inga logotyper, inga varumärken, ingen text. Format: kvadratisk bild."
"desk","Skrivbord","desk.png","Fotorealistisk produktbild av en Skrivbord på ren vit bakgrund. Centrerad, mjuk skugga, hög detalj. Inga människor, inga logotyper, inga varumärken, ingen text. Format: kvadratisk bild."
"office-chair","Kontorsstol","office-chair.png","Fotorealistisk produktbild av en Kontorsstol på ren vit bakgrund. Centrerad, mjuk skugga, hög detalj. Inga människor, inga logotyper, inga varumärken, ingen text. Format: kvadratisk bild."
"box-books","Bokkartong","box-books.png","Fotorealistisk produktbild av en Bokkartong på ren vit bakgrund. Centrerad, mjuk skugga, hög detalj. Inga människor, inga logotyper, inga varumärken, ingen text. Format: kvadratisk bild."
"box-office","Kontorskartong","box-office.png","Fotorealistisk produktbild av en Kontorskartong på ren vit bakgrund. Centrerad, mjuk skugga, hög detalj. Inga människor, inga logotyper, inga varumärken, ingen text. Format: kvadratisk bild."
"box-large","Stor kartong","box-large.png","Fotorealistisk produktbild av en Stor kartong på ren vit bakgrund. Centrerad, mjuk skugga, hög detalj. Inga människor, inga logotyper, inga varumärken, ingen text. Format: kvadratisk bild."
"box-medium","Mellan kartong","box-medium.png","Fotorealistisk produktbild av en Mellan kartong på ren vit bakgrund. Centrerad, mjuk skugga, hög detalj. Inga människor, inga logotyper, inga varumärken, ingen text. Format: kvadratisk bild."
"box-small","Liten kartong","box-small.png","Fotorealistisk produktbild av en Liten kartong på ren vit bakgrund. Centrerad, mjuk skugga, hög detalj. Inga människor, inga logotyper, inga varumärken, ingen text. Format: kvadratisk bild."
"suitcase","Resväska","suitcase.png","Fotorealistisk produktbild av en Resväska på ren vit bakgrund. Centrerad, mjuk skugga, hög detalj. Inga människor, inga logotyper, inga varumärken, ingen text. Format: kvadratisk bild."
"vacuum","Dammsugare","vacuum.png","Fotorealistisk produktbild av en Dammsugare på ren vit bakgrund. Centrerad, mjuk skugga, hög detalj. Inga människor, inga logotyper, inga varumärken, ingen text. Format: kvadratisk bild."
"storage-shelf","Förvaringshylla","storage-shelf.png","Fotorealistisk produktbild av en Förvaringshylla på ren vit bakgrund. Centrerad, mjuk skugga, hög detalj. Inga människor, inga logotyper, inga varumärken, ingen text. Format: kvadratisk bild."
"bicycle","Cykel","bicycle.png","Fotorealistisk produktbild av en Cykel på ren vit bakgrund. Centrerad, mjuk skugga, hög detalj. Inga människor, inga logotyper, inga varumärken, ingen text. Format: kvadratisk bild."
"plants-large","Stor krukväxt","plants-large.png","Fotorealistisk produktbild av en Stor krukväxt på ren vit bakgrund. Centrerad, mjuk skugga, hög detalj. Inga människor, inga logotyper, inga varumärken, ingen text. Format: kvadratisk bild."
"plants-small","Liten krukväxt","plants-small.png","Fotorealistisk produktbild av en Liten krukväxt på ren vit bakgrund. Centrerad, mjuk skugga, hög detalj. Inga människor, inga logotyper, inga varumärken, ingen text. Format: kvadratisk bild."
"bbq","Grill","bbq.png","Fotorealistisk produktbild av en Grill på ren vit bakgrund. Centrerad, mjuk skugga, hög detalj. Inga människor, inga logotyper, inga varumärken, ingen text. Format: kvadratisk bild."
"garden-furniture","Utemöbler (set)","garden-furniture.png","Fotorealistisk produktbild av en Utemöbler (set) på ren vit bakgrund. Centrerad, mjuk skugga, hög detalj. Inga människor, inga logotyper, inga varumärken, ingen text. Format: kvadratisk bild."
"garden-tools","Trädgårdsredskap","garden-tools.png","Fotorealistisk produktbild av en Trädgårdsredskap på ren vit bakgrund. Centrerad, mjuk skugga, hög detalj. Inga människor, inga logotyper, inga varumärken, ingen text. Format: kvadratisk bild."
"all","Alla","all.png","Fotorealistisk produktbild av en Alla på ren vit bakgrund. Centrerad, mjuk skugga, hög detalj. Inga människor, inga logotyper, inga varumärken, ingen text. Format: kvadratisk bild."
"living-room","Vardagsrum","living-room.png","Fotorealistisk produktbild av en Vardagsrum på ren vit bakgrund. Centrerad, mjuk skugga, hög detalj. Inga människor, inga logotyper, inga varumärken, ingen text. Format: kvadratisk bild."
"bedroom","Sovrum","bedroom.png","Fotorealistisk produktbild av en Sovrum på ren vit bakgrund. Centrerad, mjuk skugga, hög detalj. Inga människor, inga logotyper, inga varumärken, ingen text. Format: kvadratisk bild."
"kitchen","Kök","kitchen.png","Fotorealistisk produktbild av en Kök på ren vit bakgrund. Centrerad, mjuk skugga, hög detalj. Inga människor, inga logotyper, inga varumärken, ingen text. Format: kvadratisk bild."
"bathroom","Badrum","bathroom.png","Fotorealistisk produktbild av en Badrum på ren vit bakgrund. Centrerad, mjuk skugga, hög detalj. Inga människor, inga logotyper, inga varumärken, ingen text. Format: kvadratisk bild."
"office","Kontor","office.png","Fotorealistisk produktbild av en Kontor på ren vit bakgrund. Centrerad, mjuk skugga, hög detalj. Inga människor, inga logotyper, inga varumärken, ingen text. Format: kvadratisk bild."
"storage","Förråd","storage.png","Fotorealistisk produktbild av en Förråd på ren vit bakgrund. Centrerad, mjuk skugga, hög detalj. Inga människor, inga logotyper, inga varumärken, ingen text. Format: kvadratisk bild."
"outdoor","Utomhus","outdoor.png","Fotorealistisk produktbild av en Utomhus på ren vit bakgrund. Centrerad, mjuk skugga, hög detalj. Inga människor, inga logotyper, inga varumärken, ingen text. Format: kvadratisk bild."
